[{"model": "auth.permission", "pk": 1, "fields": {"name": "Can add log entry", "content_type": 1, "codename": "add_logentry"}}, {"model": "auth.permission", "pk": 2, "fields": {"name": "Can change log entry", "content_type": 1, "codename": "change_logentry"}}, {"model": "auth.permission", "pk": 3, "fields": {"name": "Can delete log entry", "content_type": 1, "codename": "delete_logentry"}}, {"model": "auth.permission", "pk": 4, "fields": {"name": "Can view log entry", "content_type": 1, "codename": "view_logentry"}}, {"model": "auth.permission", "pk": 5, "fields": {"name": "Can add permission", "content_type": 2, "codename": "add_permission"}}, {"model": "auth.permission", "pk": 6, "fields": {"name": "Can change permission", "content_type": 2, "codename": "change_permission"}}, {"model": "auth.permission", "pk": 7, "fields": {"name": "Can delete permission", "content_type": 2, "codename": "delete_permission"}}, {"model": "auth.permission", "pk": 8, "fields": {"name": "Can view permission", "content_type": 2, "codename": "view_permission"}}, {"model": "auth.permission", "pk": 9, "fields": {"name": "Can add group", "content_type": 3, "codename": "add_group"}}, {"model": "auth.permission", "pk": 10, "fields": {"name": "Can change group", "content_type": 3, "codename": "change_group"}}, {"model": "auth.permission", "pk": 11, "fields": {"name": "Can delete group", "content_type": 3, "codename": "delete_group"}}, {"model": "auth.permission", "pk": 12, "fields": {"name": "Can view group", "content_type": 3, "codename": "view_group"}}, {"model": "auth.permission", "pk": 13, "fields": {"name": "Can add user", "content_type": 4, "codename": "add_user"}}, {"model": "auth.permission", "pk": 14, "fields": {"name": "Can change user", "content_type": 4, "codename": "change_user"}}, {"model": "auth.permission", "pk": 15, "fields": {"name": "Can delete user", "content_type": 4, "codename": "delete_user"}}, {"model": "auth.permission", "pk": 16, "fields": {"name": "Can view user", "content_type": 4, "codename": "view_user"}}, {"model": "auth.permission", "pk": 17, "fields": {"name": "Can add content type", "content_type": 5, "codename": "add_contenttype"}}, {"model": "auth.permission", "pk": 18, "fields": {"name": "Can change content type", "content_type": 5, "codename": "change_contenttype"}}, {"model": "auth.permission", "pk": 19, "fields": {"name": "Can delete content type", "content_type": 5, "codename": "delete_contenttype"}}, {"model": "auth.permission", "pk": 20, "fields": {"name": "Can view content type", "content_type": 5, "codename": "view_contenttype"}}, {"model": "auth.permission", "pk": 21, "fields": {"name": "Can add session", "content_type": 6, "codename": "add_session"}}, {"model": "auth.permission", "pk": 22, "fields": {"name": "Can change session", "content_type": 6, "codename": "change_session"}}, {"model": "auth.permission", "pk": 23, "fields": {"name": "Can delete session", "content_type": 6, "codename": "delete_session"}}, {"model": "auth.permission", "pk": 24, "fields": {"name": "Can view session", "content_type": 6, "codename": "view_session"}}, {"model": "auth.permission", "pk": 25, "fields": {"name": "Can add market place item object", "content_type": 7, "codename": "add_marketplaceitemobject"}}, {"model": "auth.permission", "pk": 26, "fields": {"name": "Can change market place item object", "content_type": 7, "codename": "change_marketplaceitemobject"}}, {"model": "auth.permission", "pk": 27, "fields": {"name": "Can delete market place item object", "content_type": 7, "codename": "delete_marketplaceitemobject"}}, {"model": "auth.permission", "pk": 28, "fields": {"name": "Can view market place item object", "content_type": 7, "codename": "view_marketplaceitemobject"}}, {"model": "auth.permission", "pk": 29, "fields": {"name": "Can add user role", "content_type": 8, "codename": "add_userrole"}}, {"model": "auth.permission", "pk": 30, "fields": {"name": "Can change user role", "content_type": 8, "codename": "change_userrole"}}, {"model": "auth.permission", "pk": 31, "fields": {"name": "Can delete user role", "content_type": 8, "codename": "delete_userrole"}}, {"model": "auth.permission", "pk": 32, "fields": {"name": "Can view user role", "content_type": 8, "codename": "view_userrole"}}, {"model": "auth.permission", "pk": 33, "fields": {"name": "Can add details", "content_type": 8, "codename": "add_details"}}, {"model": "auth.permission", "pk": 34, "fields": {"name": "Can change details", "content_type": 8, "codename": "change_details"}}, {"model": "auth.permission", "pk": 35, "fields": {"name": "Can delete details", "content_type": 8, "codename": "delete_details"}}, {"model": "auth.permission", "pk": 36, "fields": {"name": "Can view details", "content_type": 8, "codename": "view_details"}}, {"model": "auth.permission", "pk": 37, "fields": {"name": "Can add action", "content_type": 9, "codename": "add_action"}}, {"model": "auth.permission", "pk": 38, "fields": {"name": "Can change action", "content_type": 9, "codename": "change_action"}}, {"model": "auth.permission", "pk": 39, "fields": {"name": "Can delete action", "content_type": 9, "codename": "delete_action"}}, {"model": "auth.permission", "pk": 40, "fields": {"name": "Can view action", "content_type": 9, "codename": "view_action"}}, {"model": "auth.permission", "pk": 41, "fields": {"name": "Can add create comment", "content_type": 10, "codename": "add_createcomment"}}, {"model": "auth.permission", "pk": 42, "fields": {"name": "Can change create comment", "content_type": 10, "codename": "change_createcomment"}}, {"model": "auth.permission", "pk": 43, "fields": {"name": "Can delete create comment", "content_type": 10, "codename": "delete_createcomment"}}, {"model": "auth.permission", "pk": 44, "fields": {"name": "Can view create comment", "content_type": 10, "codename": "view_createcomment"}}, {"model": "auth.user", "pk": 1, "fields": {"password": "pbkdf2_sha256$260000$tYaii0jSKSgOqWEgYIdVSY$RWLch2kFBueU/VVYQ/fiOLW2SIlFNJZigx/iG5qg5jo=", "last_login": null, "is_superuser": false, "username": "new user", "first_name": "new", "last_name": "user", "email": "test@test.com", "is_staff": false, "is_active": true, "date_joined": "2021-11-13T21:50:16.018Z", "groups": [], "user_permissions": []}}, {"model": "auth.user", "pk": 2, "fields": {"password": "pbkdf2_sha256$260000$zLE1s1XRq4ecv4yx90cwA0$C8T/9nWcioNI70+QAE8vfJUPydtb6t8SCH4w5ZBTGII=", "last_login": null, "is_superuser": false, "username": "test2", "first_name": "", "last_name": "", "email": "test2@test.com", "is_staff": false, "is_active": true, "date_joined": "2021-11-14T15:07:23.410Z", "groups": [], "user_permissions": []}}, {"model": "auth.user", "pk": 3, "fields": {"password": "pbkdf2_sha256$260000$R4m3mFYU6y2q8Tc0tcc5dZ$RiRnsqEfVi8MnLKwWXhrUqjV64mN+/e+170EF1cNXfM=", "last_login": null, "is_superuser": false, "username": "john", "first_name": "john", "last_name": "watson", "email": "john@test.com", "is_staff": false, "is_active": true, "date_joined": "2021-11-14T17:07:06.372Z", "groups": [], "user_permissions": []}}, {"model": "auth.user", "pk": 4, "fields": {"password": "pbkdf2_sha256$260000$9YfbF2M534N4oVW1LxGrrV$hJt9eJ8Ytgl+c35V4ZR/4CX40bOOLIoU7G9n9CVqjS0=", "last_login": null, "is_superuser": false, "username": "admin", "first_name": "admin", "last_name": "test", "email": "admin@test.com", "is_staff": false, "is_active": true, "date_joined": "2021-11-14T22:19:42.412Z", "groups": [], "user_permissions": []}}, {"model": "auth.user", "pk": 5, "fields": {"password": "pbkdf2_sha256$260000$VteMaGKfsuKfP8ggvfQwwu$noLs2uTpgacFSS/Wd9Sjs6dt07v1teG6kdsuSclpJR8=", "last_login": null, "is_superuser": false, "username": "alpha", "first_name": "alpha", "last_name": "constant", "email": "alpha@test.com", "is_staff": false, "is_active": true, "date_joined": "2021-11-15T02:59:55.532Z", "groups": [], "user_permissions": []}}, {"model": "auth.user", "pk": 6, "fields": {"password": "pbkdf2_sha256$260000$oonwjRBhKPYtSv67UQPh3l$B27UL45QDp0YnBMuaCclOohHrJSgli946HRI2AAsLCI=", "last_login": null, "is_superuser": false, "username": "betaf", "first_name": "beta", "last_name": "family", "email": "beta@test.com", "is_staff": false, "is_active": true, "date_joined": "2021-11-15T03:34:12.043Z", "groups": [], "user_permissions": []}}, {"model": "auth.user", "pk": 7, "fields": {"password": "pbkdf2_sha256$260000$zxTNWmwpI9hwqCngQ71Hcp$2vM7zRq143a5xYsAYVPTuH/1JFgiRgTt9sBV47mvPOA=", "last_login": null, "is_superuser": false, "username": "humaidD", "first_name": "Humaid", "last_name": "Desai", "email": "humaid@vt.edu", "is_staff": false, "is_active": true, "date_joined": "2021-11-19T01:43:42.164Z", "groups": [], "user_permissions": []}}, {"model": "auth.user", "pk": 8, "fields": {"password": "pbkdf2_sha256$260000$rkaukoSATDqcrZskalNaW9$ZSqspEs6U7kGxqT9ob4I9LAVLKRkoawB/UlWkCzPbjQ=", "last_login": null, "is_superuser": false, "username": "humaid", "first_name": "Humaid", "last_name": "Desaid", "email": "humaid@vt.edu", "is_staff": false, "is_active": true, "date_joined": "2021-11-19T01:53:09.633Z", "groups": [], "user_permissions": []}}, {"model": "contenttypes.contenttype", "pk": 1, "fields": {"app_label": "admin", "model": "logentry"}}, {"model": "contenttypes.contenttype", "pk": 2, "fields": {"app_label": "auth", "model": "permission"}}, {"model": "contenttypes.contenttype", "pk": 3, "fields": {"app_label": "auth", "model": "group"}}, {"model": "contenttypes.contenttype", "pk": 4, "fields": {"app_label": "auth", "model": "user"}}, {"model": "contenttypes.contenttype", "pk": 5, "fields": {"app_label": "contenttypes", "model": "contenttype"}}, {"model": "contenttypes.contenttype", "pk": 6, "fields": {"app_label": "sessions", "model": "session"}}, {"model": "contenttypes.contenttype", "pk": 7, "fields": {"app_label": "marketplace", "model": "marketplaceitemobject"}}, {"model": "contenttypes.contenttype", "pk": 8, "fields": {"app_label": "users", "model": "details"}}, {"model": "contenttypes.contenttype", "pk": 9, "fields": {"app_label": "actions", "model": "action"}}, {"model": "contenttypes.contenttype", "pk": 10, "fields": {"app_label": "marketplace", "model": "createcomment"}}, {"model": "marketplace.marketplaceitemobject", "pk": 28, "fields": {"prod_name": "HP OfficeJet Printer New", "prod_price": "$50", "prod_description": "Comes with ink and cash only", "prod_comment": "What is the price?", "user": 3, "prod_seller": "john", "prod_type": "Electronics", "date_posted": "2021-11-04T01:36:55.918Z", "img_path_1": "data/HPOfficeJetPro8025Printer_1.jpeg", "img_path_2": "data/HPOfficeJetPro8025Printer_2.jpeg", "img_path_3": "data/HPOfficeJetPro8025Printer_3.jpeg", "img_path_4": "data/HPOfficeJetPro8025Printer_4.jpeg"}}, {"model": "marketplace.marketplaceitemobject", "pk": 31, "fields": {"prod_name": "Macbook Air", "prod_price": "$300", "prod_description": "11\" macbook air, 250GB hard drive", "prod_comment": "what is the price?", "user": 4, "prod_seller": "admin", "prod_type": "Electronics", "date_posted": "2021-11-04T01:40:18.149Z", "img_path_1": "data/MacbookAir_1.jpeg", "img_path_2": "data/MacbookAir_2.jpeg", "img_path_3": "data/MacbookAir_3.jpeg", "img_path_4": "data/MacbookAir_4.jpeg"}}, {"model": "marketplace.marketplaceitemobject", "pk": 32, "fields": {"prod_name": "Macbook Pro", "prod_price": "$350", "prod_description": "1TB Hard Drive, 13 inch screen size", "prod_comment": "test", "user": 4, "prod_seller": "admin", "prod_type": "Electronics", "date_posted": "2021-11-04T01:42:25.254Z", "img_path_1": "data/MacbookPro_1.jpeg", "img_path_2": "data/MacbookPro_2.jpeg", "img_path_3": "data/MacbookPro_3.jpeg", "img_path_4": "data/MacbookPro_4.jpeg"}}, {"model": "marketplace.marketplaceitemobject", "pk": 33, "fields": {"prod_name": "Mac i5", "prod_price": "$300", "prod_description": "iMac i5 2.7GHz, 8GB ram, 250gb SSD", "prod_comment": "How old is the product?", "user": 4, "prod_seller": "admin", "prod_type": "Electronics", "date_posted": "2021-11-04T01:43:54.652Z", "img_path_1": "data/Maci5_1.jpeg", "img_path_2": "data/Maci5_2.jpeg", "img_path_3": "data/Maci5_3.jpeg", "img_path_4": "data/Maci5_4.jpeg"}}, {"model": "marketplace.marketplaceitemobject", "pk": 34, "fields": {"prod_name": "Amazon Echo Dot", "prod_price": "$35", "prod_description": "Used new, 2 months old", "prod_comment": null, "user": 4, "prod_seller": "admin", "prod_type": "Electronics", "date_posted": "2021-11-04T19:48:07.507Z", "img_path_1": "data/AmazonEchoDot_1.jpeg", "img_path_2": "data/AmazonEchoDot_2.jpeg", "img_path_3": "data/AmazonEchoDot_3.jpeg", "img_path_4": "data/AmazonEchoDot_4.jpeg"}}, {"model": "marketplace.marketplaceitemobject", "pk": 35, "fields": {"prod_name": "Ipad", "prod_price": "$50", "prod_description": "little bit broken on the edge, works perfectly fine", "prod_comment": null, "user": 4, "prod_seller": "admin", "prod_type": "Electronics", "date_posted": "2021-11-04T19:48:55.087Z", "img_path_1": "data/ipad_1.jpeg", "img_path_2": "data/ipad_2.jpeg", "img_path_3": "data/ipad_3.jpeg", "img_path_4": "data/ipad_4.jpeg"}}, {"model": "marketplace.marketplaceitemobject", "pk": 38, "fields": {"prod_name": "Amazon Echo Dot", "prod_price": "$50", "prod_description": "Great console and 2 years old", "prod_comment": null, "user": 4, "prod_seller": "admin", "prod_type": "Electronics", "date_posted": "2021-11-14T22:34:27.294Z", "img_path_1": "data/AmazonEchoDot_1.jpeg", "img_path_2": "data/AmazonEchoDot_2.jpeg", "img_path_3": "data/AmazonEchoDot_3.jpeg", "img_path_4": "data/AmazonEchoDot_4.jpeg"}}, {"model": "marketplace.marketplaceitemobject", "pk": 40, "fields": {"prod_name": "X Box One", "prod_price": "$200", "prod_description": "Great console and 2 years old", "prod_comment": null, "user": 4, "prod_seller": "admin", "prod_type": "Electronics", "date_posted": "2021-11-16T00:44:00.660Z", "img_path_1": "data/ipad_1.jpeg", "img_path_2": "data/ipad_2.jpeg", "img_path_3": "data/ipad_3.jpeg", "img_path_4": "data/ipad_4.jpeg"}}, {"model": "marketplace.marketplaceitemobject", "pk": 41, "fields": {"prod_name": "X Box One", "prod_price": "$200", "prod_description": "Great console and 2 years old", "prod_comment": null, "user": 4, "prod_seller": "admin", "prod_type": "Electronics", "date_posted": "2021-11-16T00:48:56.393Z", "img_path_1": "data/ipad_1.jpeg", "img_path_2": "data/ipad_2.jpeg", "img_path_3": "data/ipad_3.jpeg", "img_path_4": "data/ipad_4.jpeg"}}, {"model": "marketplace.marketplaceitemobject", "pk": 42, "fields": {"prod_name": "X Box One", "prod_price": "$50", "prod_description": "Used new, 2 months old", "prod_comment": null, "user": 4, "prod_seller": "admin", "prod_type": "Electronics", "date_posted": "2021-11-16T00:57:24.831Z", "img_path_1": "data/HPOfficeJetPro8025Printer_1.jpeg", "img_path_2": "data/HPOfficeJetPro8025Printer_2.jpeg", "img_path_3": "data/HPOfficeJetPro8025Printer_3.jpeg", "img_path_4": "data/HPOfficeJetPro8025Printer_4.jpeg"}}, {"model": "marketplace.marketplaceitemobject", "pk": 43, "fields": {"prod_name": "X Box One", "prod_price": "$200", "prod_description": "Great console and 2 years old", "prod_comment": null, "user": 4, "prod_seller": "admin", "prod_type": "Electronics", "date_posted": "2021-11-16T01:02:37.464Z", "img_path_1": "data/hpUltraSlimFullHD24FMonitor_1.jpeg", "img_path_2": "data/hpUltraSlimFullHD24FMonitor_2.jpeg", "img_path_3": "data/hpUltraSlimFullHD24FMonitor_3.jpeg", "img_path_4": "data/hpUltraSlimFullHD24FMonitor_4.jpeg"}}, {"model": "marketplace.createcomment", "pk": 1, "fields": {"item": 28, "user": 3, "comment": "psi", "created": "2021-11-17T00:41:19.039Z"}}, {"model": "marketplace.createcomment", "pk": 2, "fields": {"item": 28, "user": 3, "comment": "try", "created": "2021-11-17T00:41:19.039Z"}}, {"model": "marketplace.createcomment", "pk": 3, "fields": {"item": 28, "user": 4, "comment": "new entry", "created": "2021-11-16T00:41:19.039Z"}}, {"model": "marketplace.createcomment", "pk": 5, "fields": {"item": 28, "user": 3, "comment": "okay", "created": "2021-11-17T05:30:36.100Z"}}, {"model": "marketplace.createcomment", "pk": 6, "fields": {"item": 31, "user": 3, "comment": "alreight", "created": "2021-11-17T05:30:48.839Z"}}, {"model": "marketplace.createcomment", "pk": 7, "fields": {"item": 28, "user": 3, "comment": "change", "created": "2021-11-17T05:31:01.806Z"}}, {"model": "marketplace.createcomment", "pk": 8, "fields": {"item": 32, "user": 3, "comment": "price", "created": "2021-11-17T05:31:14.753Z"}}, {"model": "marketplace.createcomment", "pk": 9, "fields": {"item": 28, "user": 3, "comment": "pop", "created": "2021-11-17T15:34:17.807Z"}}, {"model": "marketplace.createcomment", "pk": 84, "fields": {"item": 35, "user": 3, "comment": "test", "created": "2021-11-18T15:47:25.200Z"}}, {"model": "marketplace.createcomment", "pk": 86, "fields": {"item": 38, "user": 3, "comment": "try", "created": "2021-11-18T15:50:12.534Z"}}, {"model": "marketplace.createcomment", "pk": 87, "fields": {"item": 28, "user": 3, "comment": "action trying", "created": "2021-11-18T17:23:38.479Z"}}, {"model": "marketplace.createcomment", "pk": 88, "fields": {"item": 33, "user": 3, "comment": "action", "created": "2021-11-18T17:27:12.310Z"}}, {"model": "marketplace.createcomment", "pk": 89, "fields": {"item": 35, "user": 3, "comment": "ipad", "created": "2021-11-18T17:27:26.328Z"}}, {"model": "marketplace.createcomment", "pk": 90, "fields": {"item": 35, "user": 3, "comment": "from UI", "created": "2021-11-18T17:31:20.488Z"}}, {"model": "marketplace.createcomment", "pk": 91, "fields": {"item": 38, "user": 3, "comment": "lol", "created": "2021-11-18T17:31:50.264Z"}}, {"model": "marketplace.createcomment", "pk": 92, "fields": {"item": 33, "user": 3, "comment": "test", "created": "2021-11-18T17:33:58.911Z"}}, {"model": "marketplace.createcomment", "pk": 93, "fields": {"item": 33, "user": 3, "comment": "test", "created": "2021-11-18T17:34:52.943Z"}}, {"model": "marketplace.createcomment", "pk": 94, "fields": {"item": 42, "user": 3, "comment": "What is the price?", "created": "2021-11-18T17:35:53.000Z"}}, {"model": "marketplace.createcomment", "pk": 95, "fields": {"item": 38, "user": 3, "comment": "lol", "created": "2021-11-18T18:37:30.845Z"}}, {"model": "marketplace.createcomment", "pk": 96, "fields": {"item": 32, "user": 3, "comment": "  trying ajax edit 2", "created": "2021-11-18T18:37:48.482Z"}}, {"model": "marketplace.createcomment", "pk": 98, "fields": {"item": 28, "user": 3, "comment": "price", "created": "2021-11-18T20:03:35.266Z"}}, {"model": "marketplace.createcomment", "pk": 99, "fields": {"item": 28, "user": 3, "comment": "new price", "created": "2021-11-18T20:04:00.077Z"}}, {"model": "marketplace.createcomment", "pk": 100, "fields": {"item": 28, "user": 3, "comment": "grest", "created": "2021-11-18T20:04:46.612Z"}}, {"model": "marketplace.createcomment", "pk": 103, "fields": {"item": 28, "user": 6, "comment": "betaf first comment", "created": "2021-11-18T21:42:50.701Z"}}, {"model": "marketplace.createcomment", "pk": 105, "fields": {"item": 34, "user": 3, "comment": "from UI", "created": "2021-11-18T22:53:35.590Z"}}, {"model": "marketplace.createcomment", "pk": 106, "fields": {"item": 32, "user": 3, "comment": "new comment", "created": "2021-11-18T22:53:51.834Z"}}, {"model": "marketplace.createcomment", "pk": 107, "fields": {"item": 35, "user": 3, "comment": "new ipad", "created": "2021-11-18T22:54:39.923Z"}}, {"model": "marketplace.createcomment", "pk": 108, "fields": {"item": 28, "user": 8, "comment": "comment test", "created": "2021-11-19T03:16:48.385Z"}}, {"model": "marketplace.createcomment", "pk": 109, "fields": {"item": 32, "user": 8, "comment": "new comment", "created": "2021-11-19T03:20:28.427Z"}}, {"model": "marketplace.createcomment", "pk": 110, "fields": {"item": 32, "user": 8, "comment": "great product", "created": "2021-11-19T03:20:51.515Z"}}, {"model": "marketplace.createcomment", "pk": 111, "fields": {"item": 32, "user": 8, "comment": "new", "created": "2021-11-19T03:21:08.839Z"}}, {"model": "marketplace.createcomment", "pk": 116, "fields": {"item": 32, "user": 8, "comment": "new comment", "created": "2021-11-19T03:33:34.319Z"}}, {"model": "marketplace.createcomment", "pk": 117, "fields": {"item": 32, "user": 8, "comment": "new", "created": "2021-11-19T03:40:53.748Z"}}, {"model": "marketplace.createcomment", "pk": 118, "fields": {"item": 32, "user": 8, "comment": "new", "created": "2021-11-19T03:41:08.869Z"}}, {"model": "marketplace.createcomment", "pk": 119, "fields": {"item": 32, "user": 8, "comment": "comment jsdvcsdvs", "created": "2021-11-19T03:41:45.574Z"}}, {"model": "marketplace.createcomment", "pk": 120, "fields": {"item": 32, "user": 8, "comment": "from UI", "created": "2021-11-19T03:43:39.117Z"}}, {"model": "marketplace.createcomment", "pk": 121, "fields": {"item": 32, "user": 8, "comment": "hfgc", "created": "2021-11-19T03:44:46.993Z"}}, {"model": "users.details", "pk": 1, "fields": {"user": 2, "role": "regular", "gender": "not shared", "profile_pic": "profilepicture/p4.jpeg"}}, {"model": "users.details", "pk": 2, "fields": {"user": 3, "role": "admin", "gender": "Female", "profile_pic": "profilepicture/p2.jpeg"}}, {"model": "users.details", "pk": 3, "fields": {"user": 4, "role": "admin", "gender": "Male", "profile_pic": "profilepicture/p4.jpeg"}}, {"model": "users.details", "pk": 4, "fields": {"user": 5, "role": "regular", "gender": "Female", "profile_pic": "profilepicture/p2.jpeg"}}, {"model": "users.details", "pk": 5, "fields": {"user": 6, "role": "regular", "gender": "not shared", "profile_pic": "profilepicture/p3.jpeg"}}, {"model": "users.details", "pk": 6, "fields": {"user": 7, "role": "regular", "gender": "not shared", "profile_pic": ""}}, {"model": "users.details", "pk": 7, "fields": {"user": 8, "role": "regular", "gender": "Male", "profile_pic": "profilepicture/p1.jpeg"}}, {"model": "actions.action", "pk": 1, "fields": {"user": 4, "verb": "Added an item", "target_ct": 7, "target_id": 44, "created": "2021-11-16T01:03:39.995Z"}}, {"model": "actions.action", "pk": 2, "fields": {"user": 3, "verb": "Added an item", "target_ct": 7, "target_id": 45, "created": "2021-11-16T03:00:30.560Z"}}, {"model": "actions.action", "pk": 3, "fields": {"user": 3, "verb": "Changed product name", "target_ct": 7, "target_id": 45, "created": "2021-11-16T03:59:16.453Z"}}, {"model": "actions.action", "pk": 4, "fields": {"user": 3, "verb": "Edited the item name to ", "target_ct": 7, "target_id": 45, "created": "2021-11-16T05:00:56.906Z"}}, {"model": "actions.action", "pk": 5, "fields": {"user": 3, "verb": "Edited the item name to ", "target_ct": 7, "target_id": 28, "created": "2021-11-16T05:26:21.588Z"}}, {"model": "actions.action", "pk": 6, "fields": {"user": 4, "verb": "Deleted an item ", "target_ct": 7, "target_id": null, "created": "2021-11-16T05:30:47.627Z"}}, {"model": "actions.action", "pk": 7, "fields": {"user": 3, "verb": "Changed profile details ", "target_ct": 4, "target_id": 3, "created": "2021-11-16T05:37:57.579Z"}}, {"model": "actions.action", "pk": 8, "fields": {"user": 3, "verb": "Changed profile detail and role ", "target_ct": 4, "target_id": 3, "created": "2021-11-16T05:41:58.092Z"}}, {"model": "actions.action", "pk": 9, "fields": {"user": 4, "verb": "added an item", "target_ct": 7, "target_id": 46, "created": "2021-11-16T16:54:10.138Z"}}, {"model": "actions.action", "pk": 10, "fields": {"user": 4, "verb": "Deleted an item ", "target_ct": 7, "target_id": null, "created": "2021-11-16T16:54:56.128Z"}}, {"model": "actions.action", "pk": 11, "fields": {"user": 3, "verb": "changed profile detail and role of ", "target_ct": 4, "target_id": 3, "created": "2021-11-16T22:07:54.567Z"}}, {"model": "actions.action", "pk": 12, "fields": {"user": 3, "verb": "changed profile detail and role of ", "target_ct": 4, "target_id": 3, "created": "2021-11-16T22:09:02.337Z"}}, {"model": "actions.action", "pk": 13, "fields": {"user": 3, "verb": "added an item", "target_ct": 7, "target_id": 47, "created": "2021-11-16T22:36:19.347Z"}}, {"model": "actions.action", "pk": 14, "fields": {"user": 3, "verb": "deleted an item X Box One", "target_ct": 7, "target_id": null, "created": "2021-11-16T22:36:32.017Z"}}, {"model": "actions.action", "pk": 15, "fields": {"user": 3, "verb": "added an item", "target_ct": 7, "target_id": 48, "created": "2021-11-18T06:53:15.206Z"}}, {"model": "actions.action", "pk": 16, "fields": {"user": 3, "verb": "deleted an item kk", "target_ct": 7, "target_id": null, "created": "2021-11-18T06:53:23.434Z"}}, {"model": "actions.action", "pk": 17, "fields": {"user": 3, "verb": "added a new comment", "target_ct": 10, "target_id": 92, "created": "2021-11-18T17:33:58.920Z"}}, {"model": "actions.action", "pk": 18, "fields": {"user": 3, "verb": "added a new comment", "target_ct": 10, "target_id": 93, "created": "2021-11-18T17:34:52.949Z"}}, {"model": "actions.action", "pk": 19, "fields": {"user": 3, "verb": "added a new comment", "target_ct": 10, "target_id": 94, "created": "2021-11-18T17:35:53.005Z"}}, {"model": "actions.action", "pk": 20, "fields": {"user": 3, "verb": "added a new comment", "target_ct": 10, "target_id": 95, "created": "2021-11-18T18:37:30.852Z"}}, {"model": "actions.action", "pk": 21, "fields": {"user": 3, "verb": "added a new comment", "target_ct": 10, "target_id": 96, "created": "2021-11-18T18:37:48.486Z"}}, {"model": "actions.action", "pk": 22, "fields": {"user": 3, "verb": "added a new comment", "target_ct": 10, "target_id": 97, "created": "2021-11-18T20:02:53.351Z"}}, {"model": "actions.action", "pk": 23, "fields": {"user": 3, "verb": "added a new comment", "target_ct": 10, "target_id": 98, "created": "2021-11-18T20:03:35.272Z"}}, {"model": "actions.action", "pk": 24, "fields": {"user": 3, "verb": "added a new comment", "target_ct": 10, "target_id": 99, "created": "2021-11-18T20:04:00.082Z"}}, {"model": "actions.action", "pk": 25, "fields": {"user": 3, "verb": "added a new comment", "target_ct": 10, "target_id": 100, "created": "2021-11-18T20:04:46.617Z"}}, {"model": "actions.action", "pk": 26, "fields": {"user": 3, "verb": "added a new comment", "target_ct": 10, "target_id": 101, "created": "2021-11-18T20:05:07.907Z"}}, {"model": "actions.action", "pk": 27, "fields": {"user": 3, "verb": "added a new comment", "target_ct": 10, "target_id": 102, "created": "2021-11-18T20:05:16.827Z"}}, {"model": "actions.action", "pk": 28, "fields": {"user": 3, "verb": "changed profile detail of ", "target_ct": 4, "target_id": 3, "created": "2021-11-18T21:17:37.109Z"}}, {"model": "actions.action", "pk": 29, "fields": {"user": 3, "verb": "changed profile detail and role of ", "target_ct": 4, "target_id": 3, "created": "2021-11-18T21:18:35.983Z"}}, {"model": "actions.action", "pk": 30, "fields": {"user": 4, "verb": "changed profile detail and role of ", "target_ct": 4, "target_id": 3, "created": "2021-11-18T21:23:38.906Z"}}, {"model": "actions.action", "pk": 31, "fields": {"user": 5, "verb": "changed profile detail of ", "target_ct": 4, "target_id": 5, "created": "2021-11-18T21:24:56.318Z"}}, {"model": "actions.action", "pk": 32, "fields": {"user": 4, "verb": "changed profile detail and role of ", "target_ct": 4, "target_id": 3, "created": "2021-11-18T21:27:10.246Z"}}, {"model": "actions.action", "pk": 33, "fields": {"user": 3, "verb": "changed profile detail of ", "target_ct": 4, "target_id": 3, "created": "2021-11-18T21:35:23.173Z"}}, {"model": "actions.action", "pk": 34, "fields": {"user": 3, "verb": "changed profile detail of ", "target_ct": 4, "target_id": 3, "created": "2021-11-18T21:36:08.161Z"}}, {"model": "actions.action", "pk": 35, "fields": {"user": 6, "verb": "added a new comment", "target_ct": 10, "target_id": 103, "created": "2021-11-18T21:42:50.704Z"}}, {"model": "actions.action", "pk": 36, "fields": {"user": 3, "verb": "added a new comment", "target_ct": 10, "target_id": 104, "created": "2021-11-18T22:41:22.334Z"}}, {"model": "actions.action", "pk": 37, "fields": {"user": 3, "verb": "added a new comment", "target_ct": 10, "target_id": 105, "created": "2021-11-18T22:53:35.594Z"}}, {"model": "actions.action", "pk": 38, "fields": {"user": 3, "verb": "added a new comment", "target_ct": 10, "target_id": 106, "created": "2021-11-18T22:53:51.838Z"}}, {"model": "actions.action", "pk": 39, "fields": {"user": 3, "verb": "added a new comment", "target_ct": 10, "target_id": 107, "created": "2021-11-18T22:54:39.931Z"}}, {"model": "actions.action", "pk": 40, "fields": {"user": 3, "verb": "changed profile detail of ", "target_ct": 4, "target_id": 3, "created": "2021-11-18T22:56:26.213Z"}}, {"model": "actions.action", "pk": 41, "fields": {"user": 3, "verb": "changed profile detail of ", "target_ct": 4, "target_id": 3, "created": "2021-11-18T22:56:30.230Z"}}, {"model": "actions.action", "pk": 42, "fields": {"user": 3, "verb": "changed profile detail of ", "target_ct": 4, "target_id": 3, "created": "2021-11-18T22:57:20.676Z"}}, {"model": "actions.action", "pk": 43, "fields": {"user": 3, "verb": "changed profile detail of ", "target_ct": 4, "target_id": 3, "created": "2021-11-18T22:57:32.526Z"}}, {"model": "actions.action", "pk": 44, "fields": {"user": 3, "verb": "changed profile detail of ", "target_ct": 4, "target_id": 3, "created": "2021-11-18T22:58:23.898Z"}}, {"model": "actions.action", "pk": 45, "fields": {"user": 4, "verb": "Changed the user role to admin for ", "target_ct": 8, "target_id": 2, "created": "2021-11-18T23:22:36.960Z"}}, {"model": "actions.action", "pk": 46, "fields": {"user": 8, "verb": "added a new comment", "target_ct": 10, "target_id": 108, "created": "2021-11-19T03:16:48.394Z"}}, {"model": "actions.action", "pk": 47, "fields": {"user": 8, "verb": "added a new comment", "target_ct": 10, "target_id": 109, "created": "2021-11-19T03:20:28.432Z"}}, {"model": "actions.action", "pk": 48, "fields": {"user": 8, "verb": "added a new comment", "target_ct": 10, "target_id": 110, "created": "2021-11-19T03:20:51.521Z"}}, {"model": "actions.action", "pk": 49, "fields": {"user": 8, "verb": "added a new comment", "target_ct": 10, "target_id": 111, "created": "2021-11-19T03:21:08.844Z"}}, {"model": "actions.action", "pk": 50, "fields": {"user": 8, "verb": "added a new comment", "target_ct": 10, "target_id": 116, "created": "2021-11-19T03:33:34.323Z"}}, {"model": "actions.action", "pk": 51, "fields": {"user": 8, "verb": "added a new comment", "target_ct": 10, "target_id": 117, "created": "2021-11-19T03:40:53.751Z"}}, {"model": "actions.action", "pk": 52, "fields": {"user": 8, "verb": "added a new comment", "target_ct": 10, "target_id": 118, "created": "2021-11-19T03:41:08.873Z"}}, {"model": "actions.action", "pk": 53, "fields": {"user": 8, "verb": "added a new comment", "target_ct": 10, "target_id": 119, "created": "2021-11-19T03:41:45.578Z"}}, {"model": "actions.action", "pk": 54, "fields": {"user": 8, "verb": "added a new comment", "target_ct": 10, "target_id": 120, "created": "2021-11-19T03:43:39.121Z"}}, {"model": "actions.action", "pk": 55, "fields": {"user": 8, "verb": "added a new comment", "target_ct": 10, "target_id": 121, "created": "2021-11-19T03:44:46.997Z"}}]